PLAYER_ID,PLAYER,Team,WinPct,OPTPM,DPTPM,PTPM,Scoring,Passing,OffPoss,RimProtection,DefPoss,TeamDefEffect,StablizedPTPM
201952,Jeff Teague,ATL,0.779,1.99,0.68,2.67,0.98,2.66,-1.47,0.07,0.35,0.67,1.9
201143,Al Horford,ATL,0.779,1.7,0.61,2.31,0.72,0.58,0.55,0.46,0.11,0.32,1.6
200757,Thabo Sefolosha,ATL,0.779,-0.9,2.86,1.97,-0.26,-0.02,0.72,0.36,1.65,1.16,1
2594,Kyle Korver,ATL,0.779,1.97,-0.41,1.55,1.37,0.14,-0.04,-0.09,-0.48,0.53,1
200794,Paul Millsap,ATL,0.779,0.24,1.05,1.29,0.83,0.13,-0.46,-0.23,1.38,0.53,0.8
201960,DeMarre Carroll,ATL,0.779,0.44,-0.03,0.4,0.51,-0.59,0.9,-0.31,0.63,0.3,0
203118,Mike Scott,ATL,0.779,0.85,-0.63,0.22,0.84,-0.32,0.41,-0.19,-0.43,0.44,-0.5
203544,Pero Antic,ATL,0.779,-1.46,0.24,-1.21,0.04,-0.49,0.12,0.48,-1.08,0.83,-1.6
203471,Dennis Schroder,ATL,0.779,-0.98,-0.53,-1.51,0.18,1.9,-1.8,-0.28,-0.1,0.39,-1.7
202714,Shelvin Mack,ATL,0.779,-1.12,-0.56,-1.68,-0.45,1.84,-0.72,-0.19,-0.51,0.54,-2
203145,Kent Bazemore,ATL,0.779,-2.54,0.73,-1.82,-0.16,-0.5,-0.4,0.66,0.32,0.08,-2
203508,Sergey Karasev,BKN,0.409,-0.78,0.55,-0.23,-0.2,0.24,0.49,0.21,0.51,0.29,-1
708,Kevin Garnett,BKN,0.409,-1.63,1.26,-0.36,-0.23,-0.08,0.13,-0.04,1.96,0.11,-0.9
101114,Deron Williams,BKN,0.409,0.14,-1.1,-0.96,0.18,1.91,-0.9,-0.07,-0.5,-0.01,-1.2
201572,Brook Lopez,BKN,0.409,-0.32,-0.66,-0.98,0.77,-1.03,0.19,0.4,-0.38,-0.29,-1.3
203486,Mason Plumlee,BKN,0.409,-0.16,-0.88,-1.03,0.62,-0.8,0.4,-0.2,0.53,-0.44,-1.3
2207,Joe Johnson,BKN,0.409,-0.17,-0.98,-1.15,0.23,0.58,-0.1,0.15,-0.42,-0.21,-1.3
101187,Alan Anderson,BKN,0.409,-1.19,0,-1.19,-0.02,-0.5,0.46,-0.21,0.22,0.51,-1.4
203141,Mirza Teletovic,BKN,0.409,-2.1,0.34,-1.76,0.04,-0.62,-0.28,0.3,-0.34,0.59,-1.9
101127,Jarrett Jack,BKN,0.409,-1.43,-1.21,-2.64,0.01,1.37,-1.39,0.08,-0.15,-0.5,-2.6
202711,Bojan Bogdanovic,BKN,0.409,-1.26,-2.35,-3.61,0.06,-0.66,0.4,-0.29,-0.82,-0.54,-3.4
203092,Tyler Zeller,BOS,0.448,1.27,-0.31,0.96,0.91,-0.26,0.59,0.43,-0.39,-0.04,0.3
201977,Marcus Thornton,BOS,0.448,0.24,0.58,0.82,0.53,-0.32,0.48,0.74,0.18,-0.03,-0.1
203096,Jared Sullinger,BOS,0.448,0.41,-0.22,0.18,0.31,0.03,0.72,0.13,0.12,0.02,-0.2
203109,Jae Crowder,BOS,0.448,-0.12,0,-0.12,0.21,-0.4,0.82,-0.15,1.09,-0.15,-0.7
101138,Brandon Bass,BOS,0.448,-0.23,0.05,-0.17,0.36,-0.47,0.54,0.2,-0.17,0.36,-0.6
2419,Tayshaun Prince,BOS,0.448,-0.32,-0.16,-0.48,-0.03,-0.21,0.93,0.61,-0.56,0.03,-1
203482,Kelly Olynyk,BOS,0.448,-0.57,-0.13,-0.7,0.69,-0.32,-0.48,0.07,0.42,-0.04,-1.1
203935,Marcus Smart,BOS,0.448,-0.52,-0.27,-0.8,-0.06,1.08,-0.28,-0.29,0.62,0.11,-1.2
202340,Avery Bradley,BOS,0.448,-1.18,-0.83,-2.01,0.18,-0.41,0.03,-0.07,-0.43,0.15,-2.1
202323,Evan Turner,BOS,0.448,-2.37,-0.46,-2.82,-0.31,1.45,-1.66,0.16,-0.11,-0.03,-2.8
203077,Michael Kidd-Gilchrist,CHA,0.439,-0.67,2.02,1.34,0.01,-0.36,0.7,0.47,0.05,1.46,0.5
202689,Kemba Walker,CHA,0.439,0.21,0.28,0.48,0.24,0.84,-0.02,0.29,0.2,0.2,0.1
202687,Bismack Biyombo,CHA,0.439,-0.86,1.31,0.45,-0.04,-1.29,1.45,0.58,-0.4,1.09,-0.4
201945,Gerald Henderson,CHA,0.439,-0.67,0.6,-0.07,0.06,0.25,0.1,0.55,-0.81,0.86,-0.5
2744,Al Jefferson,CHA,0.439,0.24,-0.33,-0.09,0.31,-0.33,0.88,-0.01,0.13,0.08,-0.5
203469,Cody Zeller,CHA,0.439,-1.14,0.84,-0.31,-0.03,-0.48,0.51,0.26,0.04,0.77,-0.7
101107,Marvin Williams,CHA,0.439,-1.29,0.69,-0.59,0.05,-0.77,0.48,0.12,0.7,0.36,-0.9
101131,Jason Maxiell,CHA,0.439,-1.69,0.83,-0.86,-0.42,-1.26,1.44,0.19,-0.27,1.04,-1.4
203148,Brian Roberts,CHA,0.439,-0.65,-0.85,-1.5,0.01,0.57,-0.07,-0.11,-0.9,0.5,-1.7
203798,PJ Hairston,CHA,0.439,-2.32,0.02,-2.29,-0.46,-0.83,0.63,-0.11,0.26,0.39,-2.4
202362,Lance Stephenson,CHA,0.439,-3.02,-1.08,-4.1,-0.97,1.43,-0.98,-0.32,-0.49,0.27,-3.8
202390,Gary Neal,CHA,0.439,-2.18,-2.26,-4.44,-0.29,0.22,-0.47,-0.65,-1.05,0.08,-4
202710,Jimmy Butler,CHI,0.594,2.18,0.58,2.76,1.01,0.22,0.73,0.12,0.93,0.12,2.2
2200,Pau Gasol,CHI,0.594,0.68,1.01,1.68,0.66,0.07,0.26,1.1,-0.35,0.24,1.2
202703,Nikola Mirotic,CHI,0.594,0.25,-0.16,0.09,0.58,-0.32,0.39,-0.72,0.66,0.62,-0.5
201959,Taj Gibson,CHI,0.594,-0.4,0.47,0.08,0.12,-0.54,0.91,0.76,-0.34,0.2,-0.4
2399,Mike Dunleavy,CHI,0.594,0.25,-0.29,-0.05,0.46,-0.33,0.63,0.26,-0.47,0.24,-0.5
201149,Joakim Noah,CHI,0.594,-1.07,0.32,-0.75,-0.46,0.47,0.53,0.28,0.05,0.33,-1
203503,Tony Snell,CHI,0.594,-1.38,0.22,-1.17,-0.07,-0.66,0.53,0.35,-0.09,0.29,-1.6
201166,Aaron Brooks,CHI,0.594,-0.3,-1.94,-2.24,0.92,0.87,-1.71,-0.36,-1,-0.01,-2.3
2550,Kirk Hinrich,CHI,0.594,-1.91,-0.38,-2.29,-0.44,0.23,0.01,-0.14,-0.26,0.47,-2.3
201565,Derrick Rose,CHI,0.594,-1.92,-0.78,-2.7,0.28,1.17,-2.12,0.5,-1.52,0.32,-2.7
2544,LeBron James,CLE,0.629,1.83,0.04,1.87,1.59,2.22,-2.33,0.43,-0.27,0.18,1.3
202681,Kyrie Irving,CLE,0.629,1.7,-0.69,1.01,1.09,1.04,-0.51,0.14,-0.08,-0.21,0.6
201567,Kevin Love,CLE,0.629,0.52,-0.03,0.49,0.74,-0.4,0.4,0.23,0.26,-0.03,0.1
2760,Anderson Varejao,CLE,0.629,-0.13,-0.73,-0.86,0.46,-0.56,0.52,-0.06,0.19,-0.24,-1.3
202684,Tristan Thompson,CLE,0.629,-0.35,-0.7,-1.04,0.03,-1.15,1.62,0.3,-0.41,-0.18,-1.3
1890,Shawn Marion,CLE,0.629,-1.59,0.33,-1.26,-0.47,-0.57,1,0.64,-0.05,0.03,-1.5
202389,Timofey Mozgov,CLE,0.629,-1.2,-0.38,-1.58,0.18,-1.18,0.68,0.55,-0.33,-0.26,-1.7
2747,J.R. Smith,CLE,0.629,-0.92,-1.27,-2.19,0.13,0.35,-0.33,-0.16,0.08,-0.44,-2.2
202697,Iman Shumpert,CLE,0.629,-1.57,-0.84,-2.41,0,0.42,-0.68,-0.2,0.73,-0.51,-2.4
2034,Mike Miller,CLE,0.629,-1.79,-0.7,-2.49,-0.4,-0.21,0.4,0.08,-0.09,-0.15,-2.5
202697,Iman Shumpert,CLE,0.629,-2.61,-0.54,-3.15,0,-0.42,-0.81,-0.2,1.07,-0.51,-3
203521,Matthew Dellavedova,CLE,0.629,-0.64,-3.22,-3.86,-0.33,1.03,0.16,-0.73,-1.23,-0.47,-3.5
202329,Al-Farouq Aminu,DAL,0.638,-0.78,3.3,2.52,-0.04,-0.61,0.92,1.2,1.47,0.71,1.3
2199,Tyson Chandler,DAL,0.638,1.32,0.96,2.28,0.81,-0.77,1.25,0.54,0.38,0.32,1.6
2734,Devin Harris,DAL,0.638,0.7,0.48,1.19,0.33,1.11,-0.02,0.43,0.44,0.05,0.5
1717,Dirk Nowitzki,DAL,0.638,1.68,-0.5,1.18,1.26,-0.23,0.26,0.21,-0.26,-0.03,0.6
202718,Chandler Parsons,DAL,0.638,0.55,0.4,0.95,0.69,-0.19,0.32,0.52,0.11,0.11,0.5
101145,Monta Ellis,DAL,0.638,0.2,0.68,0.88,0.61,1.18,-1,0.58,0.34,0.11,0.5
200826,Jose Juan Barea,DAL,0.638,0.5,-0.61,-0.1,-0.04,1.89,-0.18,0.21,-0.37,-0.01,-0.6
2210,Richard Jefferson,DAL,0.638,-0.36,-0.06,-0.42,0.33,-0.35,0.37,0.21,-0.13,0.24,-0.9
200765,Rajon Rondo,DAL,0.638,-1.79,0.16,-1.63,-0.85,3.25,-1.76,-0.22,0.71,0.32,-1.8
201951,Ty Lawson,DEN,0.382,1.75,-0.99,0.76,0.33,3.22,-0.98,0.22,-0.44,-0.27,0.4
203994,Jusuf Nurkic,DEN,0.382,-2.24,2.4,0.17,-0.24,-0.59,0.09,0.34,1.57,0.85,-0.6
201568,Danilo Gallinari,DEN,0.382,-0.51,0.51,0,0.3,-0.27,0.23,0.4,-0.36,0.65,-0.7
201589,Darrell Arthur,DEN,0.382,-1.53,1.06,-0.47,-0.01,-0.37,0.05,0,0.95,0.6,-1
202087,Alonzo Gee,DEN,0.382,-0.44,-0.75,-1.19,0.4,-0.62,0.4,-0.18,0.94,-0.6,-1.6
202702,Kenneth Faried,DEN,0.382,-0.54,-0.82,-1.36,0.26,-0.59,0.57,-0.04,0.22,-0.33,-1.5
201167,Arron Afflalo,DEN,0.382,-0.49,-1.76,-2.25,0.46,-0.18,-0.11,-0.16,-0.87,-0.18,-2.3
201581,JJ Hickson,DEN,0.382,-1.65,-1.15,-2.8,0.12,-0.63,-0.06,-0.02,-0.12,-0.39,-2.7
201163,Wilson Chandler,DEN,0.382,-1.13,-2,-3.13,0.17,-0.53,0.19,-0.29,-0.38,-0.57,-3
101126,Nate Robinson,DEN,0.382,-1.03,-2.3,-3.33,-0.66,1.52,0,-1.07,-0.61,0.2,-3
2749,Jameer Nelson,DEN,0.382,-1.54,-2.43,-3.97,-0.43,1.77,-1.04,-0.72,-0.45,-0.39,-3.7
203083,Andre Drummond,DET,0.353,-0.85,1.21,0.36,-0.09,-1.14,1.43,0.68,1.18,-0.19,0
201973,Jonas Jerebko,DET,0.353,0.07,-0.19,-0.11,0.36,-0.45,0.76,-0.15,0.62,0.02,-0.8
202328,Greg Monroe,DET,0.353,-0.1,-0.1,-0.2,0.55,-0.22,0.07,-0.02,0.39,0.09,-0.5
201943,Brandon Jennings,DET,0.353,1,-1.57,-0.57,0.43,2.43,-1.1,-0.6,-0.35,0.09,-0.9
202713,Kyle Singler,DET,0.353,-0.87,-0.24,-1.12,0.13,-0.5,0.46,0.52,-0.33,-0.1,-1.4
201229,Anthony Tolliver,DET,0.353,-0.17,-1.7,-1.87,0.64,-0.76,0.32,-0.57,-0.36,-0.06,-2
201975,Jodie Meeks,DET,0.353,0.04,-1.99,-1.95,0.43,0.13,0.12,-0.88,0.16,-0.29,-2.1
2406,Caron Butler,DET,0.353,-1.85,-0.66,-2.51,-0.26,-0.8,0.62,-0.24,-0.13,0.26,-2.5
201571,D.J. Augustin,DET,0.353,-0.12,-2.62,-2.74,0.28,2.06,-1.43,-0.58,-1.15,-0.21,-2.7
203484,Kentavious Caldwell-Pope,DET,0.353,-1.63,-1.21,-2.84,-0.01,-0.74,0.3,-0.37,0.09,-0.18,-2.8
201939,Stephen Curry,GSW,0.806,3.92,2.38,6.3,1.96,2.64,-1.65,0.5,1.08,1.03,5.1
202691,Klay Thompson,GSW,0.806,2.41,1.61,4.02,1.72,0.61,-0.7,0.72,-0.09,0.98,3.1
101135,David Lee,GSW,0.806,0.95,2.23,3.18,0.38,0.51,0.61,0.74,0.88,0.76,1.3
203110,Draymond Green,GSW,0.806,-0.2,3.27,3.07,0.22,0.48,-0.01,0.69,1.51,1.21,2.3
101106,Andrew Bogut,GSW,0.806,-1.08,3.95,2.87,-0.12,0.6,-0.21,1.66,0.4,1.45,1.6
203084,Harrison Barnes,GSW,0.806,0.75,1.37,2.12,0.51,-0.5,1.09,0.49,0.08,0.92,1.4
2738,Andre Iguodala,GSW,0.806,-0.79,2.17,1.38,-0.16,0.57,0.12,0.65,0.4,1.16,0.7
201578,Marreese Speights,GSW,0.806,1.11,-0.04,1.08,1.18,-0.54,0.2,0.44,-0.86,0.48,0.3
2733,Shaun Livingston,GSW,0.806,-1.02,0.59,-0.43,-0.14,1.28,-0.72,0.34,-0.36,0.77,-0.9
2571,Leandro Barbosa,GSW,0.806,0.5,-1.02,-0.52,0.7,0.27,-0.12,-0.28,0.35,-0.3,-1.2
201935,James Harden,HOU,0.672,3.16,0.6,3.76,2.1,2.15,-2.11,0.23,0.37,0.39,3
2730,Dwight Howard,HOU,0.672,-1.26,1.91,0.65,0.86,-0.66,-1.04,1.01,-0.19,0.95,0
202700,Donatas Motiejunas,HOU,0.672,-0.91,1.19,0.29,0.38,-0.46,-0.07,0.84,-0.36,0.7,-0.1
2772,Trevor Ariza,HOU,0.672,-1,1.19,0.19,0.04,-0.24,0.28,-0.33,1.38,0.79,-0.1
1891,Jason Terry,HOU,0.672,-0.38,0.32,-0.06,0.36,0.33,-0.27,-0.31,0.13,0.94,-0.5
201147,Corey Brewer,HOU,0.672,-0.96,-0.07,-1.03,0.08,0.55,-0.45,-0.27,1.49,-0.35,-1.3
201976,Patrick Beverley,HOU,0.672,-0.17,-1.27,-1.44,0.08,0.41,0.34,-0.77,0.3,0.06,-1.6
2746,Josh Smith,HOU,0.672,-2.47,0.23,-2.24,-0.52,1.03,-1,0.34,0.37,-0.03,-2.3
201147,Corey Brewer,HOU,0.672,-1.14,-1.17,-2.32,0.18,0.32,-0.57,-0.41,0.44,-0.35,-2.3
201595,Joey Dorsey,HOU,0.672,-2.69,-0.03,-2.72,-0.77,-0.93,0.98,-0.97,1.64,0.3,-2.6
203123,Kostas Papanikolaou,HOU,0.672,-2.67,-0.31,-2.98,-0.61,0.48,-0.53,-0.26,0.09,0.39,-2.9
202730,Lavoy Allen,IND,0.448,0.15,1.07,1.22,-0.13,-0.29,1.58,0.65,-0.18,0.68,0.4
201228,CJ Watson,IND,0.448,-0.57,1.59,1.03,0.47,0.79,-1.04,1.43,-0.46,0.45,0.3
101133,Ian Mahinmi,IND,0.448,-1.72,1.99,0.27,-0.1,-0.95,0.57,0.98,0.44,0.62,-0.5
101139,CJ Miles,IND,0.448,-1.02,0.83,-0.2,0.24,-0.39,0.04,0.08,0.2,0.86,-0.6
2449,Luis Scola,IND,0.448,-1.05,0.84,-0.21,0.15,-0.22,0.02,0.13,0.47,0.62,-0.7
201579,Roy Hibbert,IND,0.448,-1.61,1.16,-0.45,0.09,-0.6,0.01,1.55,-0.82,0.2,-0.8
202388,Donald Sloan,IND,0.448,-0.51,-0.01,-0.51,-0.05,1.37,-0.54,0.45,-0.71,0.42,-0.9
204014,Damjan Rudez,IND,0.448,-1.03,0.25,-0.78,0.16,-0.46,0.24,0.62,-1.05,0.68,-1.2
2561,David West,IND,0.448,-0.4,-0.75,-1.15,0.23,0.47,-0.19,-0.18,0.14,-0.06,-1.4
201155,Rodney Stuckey,IND,0.448,-1.09,-0.9,-1.99,0.12,0.64,-0.69,-0.21,-0.29,0.15,-2.1
203142,Chris Copeland,IND,0.448,-2.89,-1.72,-4.61,-0.18,-0.26,-0.85,-0.19,-1.24,0.14,-4.1
101108,Chris Paul,LAC,0.638,3.16,0.19,3.34,0.82,3.08,-0.59,0.11,1.03,-0.24,2.6
201933,Blake Griffin,LAC,0.638,2.08,-0.52,1.56,1.05,1.07,-0.16,0.27,-0.21,-0.13,1.1
201599,DeAndre Jordan,LAC,0.638,0.44,0.87,1.31,0.44,-1.23,1.6,0.59,0.99,-0.22,0.8
200755,JJ Redick,LAC,0.638,1.25,-1.2,0.05,1.21,-0.3,0.04,0.38,-1.29,-0.04,-0.3
2440,Matt Barnes,LAC,0.638,-0.28,-1.07,-1.36,0.43,-0.46,0.35,-0.35,-0.14,0.06,-1.5
201150,Spencer Hawes,LAC,0.638,-1,-0.43,-1.43,0.04,-0.32,0.35,0.02,0.2,-0.09,-1.7
203085,Austin Rivers,LAC,0.638,-1.07,-0.83,-1.9,-0.4,0.56,0.34,0.44,-0.36,-0.45,-2
2037,Jamal Crawford,LAC,0.638,0.67,-2.64,-1.97,0.79,0.57,-0.41,-0.85,-0.37,-0.47,-2
200770,Jordan Farmar,LAC,0.638,-1.44,-0.62,-2.07,-0.12,0.67,-0.57,-0.17,-0.08,0.18,-2.2
201175,Glen Davis,LAC,0.638,-1.6,-0.56,-2.16,-0.25,-0.73,0.75,-0.98,1.38,0.09,-2.3
201961,Wayne Ellington,LAL,0.258,0.16,0.26,0.43,0.24,-0.25,0.88,0.72,-0.15,-0.03,-0.2
202334,Ed Davis,LAL,0.258,0.87,-1.74,-0.87,0.27,-0.65,1.75,-0.23,0.13,-0.8,-1.1
203135,Robert Sacre,LAL,0.258,-1.61,0.35,-1.26,-0.72,-0.55,1.44,-0.08,0.11,0.7,-1.6
201156,Nick Young,LAL,0.258,-0.34,-1.01,-1.35,0.58,-0.44,0.01,0.18,-0.57,-0.16,-1.6
2430,Carlos Boozer,LAL,0.258,-0.16,-1.55,-1.71,0.49,-0.55,0.42,0.14,0.08,-1.01,-1.8
203903,Jordan Clarkson,LAL,0.258,-1.42,-0.52,-1.94,-0.04,0.04,-0.15,0.4,0.28,-0.6,-2.1
204028,Tarik Black,LAL,0.258,-1.01,-1.11,-2.12,-0.01,-0.95,0.98,-0.52,-0.37,0.35,-2.2
202325,Wesley Johnson,LAL,0.258,-0.72,-1.68,-2.4,-0.05,-0.23,0.67,0.15,-0.08,-0.99,-2.4
101179,Ronnie Price,LAL,0.258,-1.36,-1.56,-2.92,-0.52,1.18,-0.21,-1.21,1.23,-0.33,-2.8
202391,Jeremy Lin,LAL,0.258,-1.11,-1.93,-3.04,0.27,1.53,-1.77,0,-0.23,-0.93,-3
201941,Jordan Hill,LAL,0.258,-0.75,-2.83,-3.58,0.16,-0.58,0.57,-0.37,-0.28,-1.24,-3.4
977,Kobe Bryant,LAL,0.258,-1.67,-2.28,-3.95,0.16,1.68,-2.13,0.17,-0.29,-1.34,-3.7
2216,Zach Randolph,MEM,0.691,0.07,1.84,1.91,0.56,-0.48,0.41,0.66,0.53,0.79,1.2
201188,Marc Gasol,MEM,0.691,0.85,0.88,1.72,0.9,0.47,-0.37,0.73,0.05,0.27,1.2
2754,Tony Allen,MEM,0.691,-1.76,3.37,1.61,-0.24,-0.32,0.25,0.42,2.08,1.21,0.8
201144,Mike Conley,MEM,0.691,1.05,-0.41,0.63,0.93,1.24,-0.93,-0.11,-0.19,0.36,0.2
2757,Beno Udrih,MEM,0.691,0.45,0.12,0.57,0.4,1.31,-0.52,0.08,-0.04,0.47,-0.1
201584,Courtney Lee,MEM,0.691,0.08,0,0.08,0.46,-0.16,0.34,0.23,-0.17,0.3,-0.3
201585,Kosta Koufos,MEM,0.691,-1.88,1.93,0.05,0,-0.96,0.26,0.68,0.3,0.98,-0.6
201145,Jeff Green,MEM,0.691,-0.39,-0.87,-1.26,0.49,-0.49,0.18,0.05,-0.52,0.05,-1.4
202720,Jon Leuer,MEM,0.691,-1.29,-0.02,-1.31,-0.16,-0.45,0.59,-0.27,0.08,0.63,-1.6
1713,Vince Carter,MEM,0.691,-2.17,0.35,-1.82,-0.56,-0.03,0.23,0.2,0.45,0.18,-2
202355,Hassan Whiteside,MIA,0.463,1.14,3.02,4.16,1.21,-1.44,0.95,1.62,1.2,0.2,1.8
2365,Chris Andersen,MIA,0.463,-0.11,0.97,0.86,0.28,-0.92,1.17,0.5,0.51,0.27,0
2547,Chris Bosh,MIA,0.463,-0.03,-0.42,-0.45,0.97,-0.45,-0.43,0.14,-0.09,0,-0.7
2736,Luol Deng,MIA,0.463,0.1,-0.87,-0.77,0.61,-0.41,0.29,-0.07,0.09,-0.26,-1
2548,Dwyane Wade,MIA,0.463,0.56,-1.61,-1.05,0.97,1.75,-1.84,-0.18,-0.85,-0.06,-1.3
203516,James Ennis,MIA,0.463,-1.24,-0.07,-1.3,-0.16,-0.61,0.76,0.02,0.33,0.14,-1.6
200761,Shawne Williams,MIA,0.463,-0.18,-1.24,-1.43,0.32,-0.81,0.94,0.04,-0.06,-0.56,-1.7
201596,Mario Chalmers,MIA,0.463,-1.59,-0.58,-2.17,-0.01,0.92,-1.1,-0.06,0.25,-0.13,-2.2
202708,Norris Cole,MIA,0.463,-2.04,-0.17,-2.21,-0.71,0.91,-0.19,0.61,0.05,-0.39,-2.3
101122,Danny Granger,MIA,0.463,-1.64,-1.94,-3.59,0.04,-0.92,0.34,-0.32,-0.51,-0.41,-3.3
203894,Shabazz Napier,MIA,0.463,-2.56,-1.13,-3.69,-0.3,0.58,-1.08,-0.58,-0.17,0.29,-3.4
2617,Udonis Haslem,MIA,0.463,-2.14,-2.65,-4.79,-0.61,-0.69,0.92,-1.17,-0.21,-0.26,-4
203114,Khris Middleton,MIL,0.5,0.02,2.86,2.88,0.58,-0.21,0.12,0.25,1.63,1.3,2
201162,Jared Dudley,MIL,0.5,0.93,1.65,2.58,0.55,-0.13,0.84,0.32,0.31,1.16,1.7
101141,Ersan Ilyasova,MIL,0.5,-0.15,1.01,0.86,0.61,-0.64,0.28,0.79,-0.04,0.38,-0.2
202336,Larry Sanders,MIL,0.5,-1.25,1.9,0.65,-0.21,-0.76,0.99,0.6,1.17,0.45,-0.3
202688,Brandon Knight,MIL,0.5,-0.36,0.24,-0.12,0.8,1.34,-1.93,0.01,0.23,0.45,-0.4
201573,Jerryd Bayless,MIL,0.5,-0.71,0.37,-0.33,0.23,1.05,-0.93,-0.06,-0.09,0.85,-0.7
2585,Zaza Pachulia,MIL,0.5,-1.57,1.23,-0.34,-0.12,0.33,-0.38,0.06,0.32,1.09,-0.8
203089,John Henson,MIL,0.5,-0.71,0.33,-0.38,0.49,-0.24,-0.28,0,-0.51,1,-1
201564,O.J. Mayo,MIL,0.5,-0.39,-0.2,-0.58,0.36,0.96,-0.83,-0.08,-0.39,0.63,-0.9
203507,Giannis Antetokounmpo,MIL,0.5,-0.88,0.16,-0.72,0.36,0.1,-0.5,-0.01,0.13,0.47,-1
203088,Kendall Marshall,MIL,0.5,-0.82,-0.58,-1.4,0.03,2.12,-1.58,-0.49,-0.11,0.59,-1.8
203953,Jabari Parker,MIL,0.5,-1.43,-1.13,-2.56,0.12,-0.35,-0.12,-0.56,0.27,-0.04,-2.5
201147,Corey Brewer,MIN,0.209,-0.77,0.8,0.03,-0.02,0.76,-0.29,-0.32,2.56,-0.35,-0.4
2755,Kevin Martin,MIN,0.209,0.64,-0.73,-0.09,1.26,-0.14,-0.69,0.95,-0.48,-0.84,-0.9
203498,Shabazz Muhammad,MIN,0.209,1.88,-2.01,-0.14,0.91,-0.02,0.86,0.24,-0.5,-1.07,-0.7
203476,Gorgui Dieng,MIN,0.209,0.01,-1.71,-1.7,0.17,-0.07,0.73,-0.42,0.49,-0.83,-1.8
201593,Nikola Pekovic,MIN,0.209,-0.41,-1.41,-1.82,0.39,-0.74,0.57,-0.12,-0.35,-0.33,-2
201152,Thaddeus Young,MIN,0.209,-1.22,-1.06,-2.28,-0.13,-0.03,0.23,-0.55,1.1,-0.57,-2.3
203133,Robbie Hummel,MIN,0.209,-0.36,-2.23,-2.59,0.13,-0.76,1.09,-0.51,0.15,-0.89,-2.6
2590,Mo Williams,MIN,0.209,-0.73,-2.07,-2.8,0.09,2.16,-1.67,-0.03,-1.05,-0.44,-2.7
203952,Andrew Wiggins,MIN,0.209,-1.28,-2.11,-3.39,0.12,-0.26,-0.07,-0.29,-0.28,-0.72,-3.3
201978,Chase Budinger,MIN,0.209,-2.2,-1.98,-4.19,-0.33,-0.4,0.1,-0.24,0.31,-1.08,-3.7
203461,Anthony Bennett,MIN,0.209,-1.85,-2.66,-4.51,-0.42,-0.61,0.74,-0.61,0.61,-1.43,-4
203897,Zach LaVine,MIN,0.209,-3.39,-4.3,-7.69,-0.31,0.88,-2,-0.92,-0.66,-1.51,-6.7
203076,Anthony Davis,NOP,0.552,3.33,1.61,4.94,1.75,-0.54,0.97,0.69,1.37,0,4
201950,Jrue Holiday,NOP,0.552,0.26,-0.65,-0.4,0.11,2.08,-0.83,0.09,0.27,-0.36,-0.7
201582,Alexis Ajinca,NOP,0.552,0.23,-0.7,-0.47,0.89,-0.96,0.37,-0.06,-0.18,0.03,-1.2
201600,Omer Asik,NOP,0.552,-1.28,0.29,-0.99,-0.2,-0.88,1.05,0.74,-0.09,-0.1,-1.2
201967,Dante Cunningham,NOP,0.552,-1.55,0.1,-1.45,-0.35,-1.01,1.2,0.61,0.04,-0.18,-1.7
201583,Ryan Anderson,NOP,0.552,0.3,-2.38,-2.08,0.61,-0.87,0.85,-0.27,-0.48,-0.83,-2.1
201936,Tyreke Evans,NOP,0.552,-0.7,-1.57,-2.28,0.06,1.71,-1.2,-0.22,-0.24,-0.41,-2.3
202347,Quincy Pondexter,NOP,0.552,-1.28,-1.31,-2.59,-0.4,-0.5,1.08,-0.19,-0.84,0.18,-2.6
201569,Eric Gordon,NOP,0.552,-0.24,-3,-3.24,0.16,1.11,-0.48,-1.03,-0.64,-0.38,-3.1
202337,Luke Babbitt,NOP,0.552,-0.92,-2.87,-3.79,0.37,-1.06,0.45,-1.06,-0.6,-0.27,-3.4
203143,Pablo Prigioni,NYK,0.209,-0.71,0.83,0.13,0.14,0.65,-0.42,0.62,1.3,-0.47,-0.5
204038,Langston Galloway,NYK,0.209,-0.53,0.15,-0.38,-0.24,0.29,0.73,0.31,0.45,-0.09,-1.2
203112,Quincy Acy,NYK,0.209,-0.98,0.31,-0.67,0.03,-0.6,0.63,0.63,-0.16,0.09,-1.1
2405,Amar'e Stoudemire,NYK,0.209,-0.43,-0.7,-1.13,0.78,-0.7,-0.19,0.5,-0.17,-0.57,-1.4
203499,Shane Larkin,NYK,0.209,-1.3,-0.03,-1.33,-0.35,0.43,0.17,0.21,1.21,-0.65,-1.6
2546,Carmelo Anthony,NYK,0.209,0.65,-2.28,-1.63,0.91,0.13,-0.27,-0.16,-0.41,-0.9,-1.8
204037,Travis Wear,NYK,0.209,-2.43,0.62,-1.81,-0.3,-0.3,-0.22,1.07,-1.05,0.47,-2.1
202697,Iman Shumpert,NYK,0.209,-1.26,-1,-2.26,0.01,0.65,-0.64,-0.2,0.54,-0.51,-2.3
2223,Samuel Dalembert,NYK,0.209,-3.22,0.43,-2.78,-0.63,-0.59,-0.01,1.08,-0.05,-0.39,-2.7
201160,Jason Smith,NYK,0.209,-0.86,-2.49,-3.35,0,-0.17,0.41,0.33,-0.65,-1.45,-3.2
101181,Jose Calderon,NYK,0.209,-0.54,-2.84,-3.38,0.08,0.87,-0.37,-0.12,-0.76,-1.15,-3.2
202332,Cole Aldrich,NYK,0.209,-2.25,-2.26,-4.51,-0.41,-0.29,0.13,-0.66,0.69,-1.15,-3.9
201142,Kevin Durant,OKC,0.559,3.04,0.79,3.83,2.16,1,-1.33,0.74,-0.28,0.44,2.3
201566,Russell Westbrook,OKC,0.559,1.59,1.05,2.64,1.19,2.54,-2.09,0.22,1.07,0.29,1.8
201586,Serge Ibaka,OKC,0.559,-0.73,2.17,1.44,0.43,-1.03,0.49,1.81,-0.49,0.5,0.9
201627,Anthony Morrow,OKC,0.559,0.7,-0.02,0.68,0.49,-0.59,1.17,-0.24,0.04,0.65,0.1
203087,Jeremy Lamb,OKC,0.559,0.46,-0.09,0.37,0.57,0.04,0.28,-0.38,0.69,0.3,-0.5
203460,Andre Roberson,OKC,0.559,-1.7,2.01,0.31,-0.47,-0.4,0.78,0.35,1.06,0.91,-0.3
202704,Reggie Jackson,OKC,0.559,-0.48,-0.28,-0.76,0.09,1.13,-0.57,0.07,-0.15,0.24,-1
2555,Nick Collison,OKC,0.559,-1.64,0.01,-1.64,-0.49,-0.18,0.67,-0.33,0.25,0.6,-1.9
203500,Steven Adams,OKC,0.559,-1.67,0.02,-1.65,-0.01,-0.71,0.23,0.43,-0.57,0.35,-1.8
203079,Dion Waiters,OKC,0.559,-2.26,-0.26,-2.52,-0.35,0.29,-0.49,-0.18,0.5,0.08,-2.5
2570,Kendrick Perkins,OKC,0.559,-4.11,0.76,-3.35,-0.68,-0.73,-0.52,0.69,-0.58,0.67,-3.2
203103,Perry Jones,OKC,0.559,-2.62,-1.35,-3.97,-0.28,-1.01,0.2,-0.17,-0.39,-0.18,-3.5
203124,Kyle O'Quinn,ORL,0.3,-0.98,1.28,0.3,0.28,-0.18,-0.19,0.84,0.39,0.24,-0.4
202696,Nikola Vucevic,ORL,0.3,0.96,-1.3,-0.34,0.9,-0.32,0.39,-0.07,-0.04,-0.51,-0.6
202699,Tobias Harris,ORL,0.3,-0.32,-0.87,-1.19,0.59,-0.41,-0.02,0.09,0.09,-0.41,-1.4
2584,Willie Green,ORL,0.3,-2.64,0.56,-2.08,-0.6,0.24,-0.31,0.51,-0.48,0.65,-2.2
101112,Channing Frye,ORL,0.3,-1.11,-1.29,-2.4,0.22,-0.66,0.24,0.14,-0.05,-0.72,-2.4
203506,Victor Oladipo,ORL,0.3,-1.12,-1.3,-2.43,0.42,0.61,-1.23,0,0.24,-0.75,-2.4
203095,Evan Fournier,ORL,0.3,-0.61,-2.33,-2.94,0.34,0.04,-0.19,-0.55,-0.56,-0.42,-2.9
2557,Luke Ridnour,ORL,0.3,-0.98,-2.06,-3.04,-0.2,1.13,-0.46,-0.27,-0.73,-0.39,-2.8
203901,Elfrid Payton,ORL,0.3,-1.96,-1.09,-3.05,-0.68,2.07,-1.18,-0.51,0.51,-0.22,-3
2732,Ben Gordon,ORL,0.3,-1.34,-2.34,-3.67,0.33,-0.11,-0.64,-0.59,-1.1,-0.01,-3.4
203496,Robert Covington,PHI,0.235,-0.48,0.97,0.49,0.64,-0.49,-0.17,0.19,0.9,0.36,0
203457,Nerlens Noel,PHI,0.235,-3.17,2.76,-0.4,-0.57,-0.48,-0.17,1.16,1.25,0.47,-0.7
203156,Henry Sims,PHI,0.235,-1.09,0.37,-0.72,0.37,-0.58,-0.09,0.31,-0.21,0.51,-1.1
203924,Jerami Grant,PHI,0.235,-2.11,1.23,-0.88,-0.09,-0.76,0.06,0.94,-0.06,0.42,-1.3
201601,Luc Mbah a Moute,PHI,0.235,-2.23,0.76,-1.47,-0.2,-0.67,0.09,0.16,0.69,0.36,-1.6
203138,Hollis Thompson,PHI,0.235,-0.82,-0.81,-1.63,0.07,-0.61,0.7,-0.62,0.25,0.29,-1.8
203960,JaKarr Sampson,PHI,0.235,-2.46,0.38,-2.08,0.01,-0.29,-0.81,1.01,-0.3,-0.16,-2.2
203909,KJ McDaniels,PHI,0.235,-2.71,0.53,-2.18,-0.09,-0.29,-0.84,0.65,-0.55,0.51,-2.2
203487,Michael Carter-Williams,PHI,0.235,-3.29,0.94,-2.35,-0.49,2.12,-2.66,0.43,-0.12,0.79,-2.4
203100,Tony Wroten,PHI,0.235,-2.43,-1.93,-4.36,0.27,1.52,-2.83,-0.45,-0.23,-0.44,-4
203561,Brandon Davies,PHI,0.235,-2.4,-2.57,-4.97,-0.39,-0.22,-0.1,-0.41,0.33,-1.39,-4.1
201148,Brandan Wright,PHX,0.515,2.17,0.21,2.38,1.05,-0.91,1.63,0.73,0.24,-0.38,1.2
200782,PJ Tucker,PHX,0.515,-0.61,1.26,0.65,0.04,-0.43,0.76,-0.03,1.51,0.41,0.2
202738,Isaiah Thomas,PHX,0.515,1.45,-1.51,-0.06,1.23,1.17,-1.08,-0.35,-0.33,-0.15,-0.5
202339,Eric Bledsoe,PHX,0.515,0.25,-0.43,-0.18,0.68,1.7,-1.54,-0.34,0.47,0.14,-0.5
201609,Goran Dragic,PHX,0.515,0.34,-0.68,-0.34,0.63,0.79,-0.57,0.18,-0.59,0.11,-0.6
202694,Marcus Morris,PHX,0.515,0.41,-1.65,-1.24,0.53,-0.29,0.6,-0.26,0.24,-0.75,-1.5
203458,Alex Len,PHX,0.515,-1.21,-0.07,-1.28,0.15,-1.15,0.7,-0.08,0.18,0.3,-1.5
203101,Miles Plumlee,PHX,0.515,-1.81,0,-1.82,-0.3,-1,0.9,0.15,0.53,-0.13,-2
101123,Gerald Green,PHX,0.515,-0.73,-1.58,-2.32,0.77,-0.2,-0.87,0.08,-0.25,-0.72,-2.3
203086,Meyers Leonard,POR,0.667,0.95,2.6,3.55,0.97,-0.84,0.71,1.31,0,1.04,1.4
200746,LaMarcus Aldridge,POR,0.667,0.56,1.19,1.75,0.88,-0.53,0.28,0.91,0.07,0.32,1.2
202083,Wesley Matthews,POR,0.667,0.92,0.45,1.37,0.89,-0.11,0.2,0.15,0.06,0.59,0.9
203459,Allen Crabbe,POR,0.667,-0.29,1.29,1,0.05,-0.25,0.84,0.87,0.03,0.48,-0.2
203081,Damian Lillard,POR,0.667,1.51,-0.57,0.94,0.98,1.5,-0.87,-0.58,0.14,0.51,0.5
200777,Joel Freeland,POR,0.667,-1.41,2.1,0.7,-0.22,-0.83,0.94,0.68,-0.23,1.48,-0.5
201577,Robin Lopez,POR,0.667,-0.6,1.07,0.46,0.1,-0.63,0.83,1.01,-0.82,0.71,-0.2
203468,CJ McCollum,POR,0.667,-0.87,1.19,0.32,0.16,-0.26,0.19,-0.12,0.23,1.34,-0.7
201587,Nicolas Batum,POR,0.667,-1.31,0.87,-0.43,-0.39,0.95,-0.21,0.62,0.13,0.36,-0.7
2581,Steve Blake,POR,0.667,-0.64,-0.1,-0.74,-0.31,1.73,-0.49,0.23,-0.51,0.45,-1.1
2549,Chris Kaman,POR,0.667,-1.97,-0.61,-2.58,0.12,-0.6,-0.33,0.16,-0.73,0.24,-2.6
201954,Darren Collison,SAC,0.328,0.27,0.27,0.53,0.64,1.15,-0.98,0.67,0.03,-0.1,0.1
202326,DeMarcus Cousins,SAC,0.328,-0.85,1.16,0.31,1.2,0.33,-2.19,0.38,0.66,0.45,-0.1
200752,Rudy Gay,SAC,0.328,0.12,-1.06,-0.95,0.7,0.69,-0.81,0.01,-0.26,-0.24,-1.2
201171,Carl Landry,SAC,0.328,-0.22,-1.89,-2.11,0.58,-1.03,0.62,-0.26,-0.86,-0.19,-2.2
203463,Ben McLemore,SAC,0.328,-1.31,-1.59,-2.9,0.34,-0.58,-0.22,-0.34,-0.84,0.12,-2.8
201956,Omri Casspi,SAC,0.328,-0.57,-2.33,-2.9,0.6,-0.22,-0.41,-0.07,-0.73,-0.83,-2.8
201574,Jason Thompson,SAC,0.328,-2.23,-1.51,-3.74,-0.43,-0.88,0.68,-0.27,-0.38,-0.22,-3.5
202682,Derrick Williams,SAC,0.328,-1.43,-2.69,-4.12,0.02,-0.92,0.56,-0.33,-0.24,-1.16,-3.7
203917,Nik Stauskas,SAC,0.328,-2.2,-1.94,-4.14,-0.57,-0.4,0.54,0.54,-1,-0.99,-3.7
2501,Reggie Evans,SAC,0.328,-2.06,-2.71,-4.77,-0.48,-0.91,0.93,-1.02,0.29,-0.81,-4
203492,Ray McCallum,SAC,0.328,-2.87,-3.38,-6.25,-0.67,0.18,-0.33,-0.94,-0.39,-0.93,-5
201196,Ramon Sessions,SAC,0.328,-2.76,-4.04,-6.81,-0.5,0.97,-1.23,-1.01,-1.05,-0.93,-5.5
202695,Kawhi Leonard,SAS,0.627,0.49,4.11,4.59,0.62,0.05,0.19,0.9,2.27,1.13,3.2
201980,Danny Green,SAS,0.627,0.13,2.15,2.28,0.54,-0.29,0.34,0.64,0.88,0.82,1.6
1495,Tim Duncan,SAS,0.627,-0.2,2.28,2.08,0.39,0.24,-0.12,0.99,0.72,0.63,1.4
202709,Cory Joseph,SAS,0.627,0.45,0.79,1.24,0.3,0.57,0.29,0.33,-0.17,0.82,0.6
2588,Matt Bonner,SAS,0.627,-0.04,0.95,0.91,0.06,-0.55,1.31,1.01,-0.72,0.56,0
201168,Tiago Splitter,SAS,0.627,-0.11,0.94,0.83,0.25,0.07,0.37,0.12,0.11,0.94,-0.2
1938,Manu Ginobili,SAS,0.627,0.05,0.11,0.16,0.5,2.07,-1.68,-0.22,-0.19,0.89,-0.3
203382,Aron Baynes,SAS,0.627,-0.63,-0.31,-0.94,0.59,-0.88,0.14,-0.06,-0.62,0.65,-1.4
2564,Boris Diaw,SAS,0.627,-1.18,-1.38,-2.56,-0.08,0.66,-0.42,-0.78,-0.66,0.62,-2.6
201158,Marco Belinelli,SAS,0.627,0.06,-2.89,-2.83,0.48,-0.08,0.21,-1,-0.61,-0.35,-2.7
2225,Tony Parker,SAS,0.627,-0.5,-3.06,-3.55,0.44,1.33,-1.38,-0.72,-1.64,-0.06,-3.4
200768,Kyle Lowry,TOR,0.603,1.33,0.19,1.52,0.59,2.11,-0.84,0.48,0.39,-0.19,1
202335,Patrick Patterson,TOR,0.603,1.31,0.18,1.49,0.51,-0.27,1.35,0.52,0.26,-0.18,0.9
101150,Lou Williams,TOR,0.603,1.03,-0.06,0.97,0.99,0.12,-0.1,-0.12,0.49,0.18,0.4
202685,Jonas Valanciunas,TOR,0.603,0.53,0.26,0.78,0.94,-1.26,0.79,1.02,-0.09,-0.44,0.3
201949,James Johnson,TOR,0.603,0.39,-0.24,0.15,0.65,0.11,0,-0.23,0.33,0.26,-0.4
201946,Tyler Hansbrough,TOR,0.603,-0.66,0.51,-0.15,-0.21,-1.13,1.78,-0.34,0.47,0.86,-0.8
201942,DeMar DeRozan,TOR,0.603,-0.77,0.14,-0.63,0.19,0.63,-0.55,0.2,0.15,0.23,-1
101161,Amir Johnson,TOR,0.603,-0.35,-0.9,-1.25,0.55,-0.59,0.19,0.1,-0.53,-0.04,-1.5
203082,Terrence Ross,TOR,0.603,-0.85,-0.63,-1.48,0.21,-0.59,0.41,0.68,-0.32,-0.57,-1.6
202349,Greivis Vasquez,TOR,0.603,-0.53,-1.07,-1.61,0.04,1.2,-0.57,0.17,-0.76,-0.07,-1.8
203497,Rudy Gobert,UTA,0.448,0.35,3.3,3.65,0.42,-0.61,1.01,2.33,0.45,0.17,2.5
202324,Derrick Favors,UTA,0.448,0.65,-0.16,0.49,0.8,-0.67,0.62,0.78,0.01,-0.57,0.1
202330,Gordon Hayward,UTA,0.448,0.78,-1.28,-0.5,1.11,0.67,-1,-0.22,0.11,-0.41,-0.7
204060,Joe Ingles,UTA,0.448,-1.3,-0.19,-1.49,-0.33,0.73,-0.13,0.27,0.5,-0.35,-1.7
202344,Trevor Booker,UTA,0.448,-1.17,-0.68,-1.85,0.36,-0.64,-0.08,0.22,-0.11,-0.27,-2
203504,Trey Burke,UTA,0.448,-1.26,-2.38,-3.64,-0.33,0.97,-0.3,-0.17,-0.76,-0.72,-3.5
202683,Enes Kanter,UTA,0.448,-1.19,-2.48,-3.67,0.49,-1.18,0.12,-0.48,-0.56,-0.63,-3.5
203957,Dante Exum,UTA,0.448,-2.18,-1.69,-3.87,-0.36,0.36,-0.47,-0.43,-0.92,0.2,-3.6
203918,Rodney Hood,UTA,0.448,-2.43,-1.75,-4.18,-0.47,-0.23,0.04,-0.7,-0.38,0.08,-3.6
202692,Alec Burks,UTA,0.448,-0.98,-3.96,-4.94,0.21,0.14,-0.34,-0.88,-0.91,-1.12,-4.4
202322,John Wall,WAS,0.588,0.7,0.86,1.56,0.46,3.28,-2.13,-0.06,0.36,0.94,1.1
1718,Paul Pierce,WAS,0.588,0.8,0.46,1.26,0.86,0.03,0.03,-0.08,-0.17,1,0.7
101162,Marcin Gortat,WAS,0.588,-0.8,1.74,0.93,0.3,-0.87,0.52,0.83,-0.16,0.98,0.4
2403,Nene,WAS,0.588,-0.8,1.7,0.9,0.43,0,-0.47,0.24,0.47,1.18,0.3
202066,Garrett Temple,WAS,0.588,-1.54,1.3,-0.24,-0.15,-0.09,0.07,-0.83,1.52,1.31,-1
2743,Kris Humphries,WAS,0.588,-0.76,0.32,-0.44,-0.03,-0.84,1.13,-0.07,0.44,0.44,-0.8
2446,Rasual Butler,WAS,0.588,0.23,-1,-0.77,0.65,-0.62,0.5,-0.04,-0.5,0.03,-1.1
203078,Bradley Beal,WAS,0.588,-0.74,-0.22,-0.95,0.31,0.22,-0.38,-0.21,-0.14,0.59,-1.2
203490,Otto Porter,WAS,0.588,-0.38,-1.86,-2.24,0.02,-0.45,1.02,-0.59,-0.3,-0.19,-2.3
202338,Kevin Seraphin,WAS,0.588,-1.43,-1.4,-2.82,0.45,-0.65,-0.45,0.4,-1.4,-0.16,-2.7
